ship,depPort,arrPort,route,scheduled_departure,estimated_departure,actual_departure,scheduled_arrival,estimated_arrival,actual_arrival,departure_delay_hours,scheduled_transit_hours,actual_transit_hours,avg_speed_knots,arrival_delay_hours
Megastar,FIHEL,EETLL,FIHEL → EETLL,2018-04-06 07:30:00+00:00,2018-04-06 07:30:00+00:00,2018-04-06 06:30:14+00:00,2018-04-06 09:30:00+00:00,2018-04-06 09:29:00+00:00,2018-04-06 09:32:00+00:00,-0.9961111111111111,2.0,3.0294444444444446,21.16355140186916,0.03333333333333333
Megastar,EETLL,FIHEL,EETLL → FIHEL,2018-04-06 16:30:00+00:00,2018-04-06 16:30:00+00:00,2018-04-06 15:25:21+00:00,2018-04-06 18:30:00+00:00,2018-04-06 18:23:00+00:00,2018-04-06 18:49:00+00:00,-1.0775,2.0,3.3941666666666666,19.9968253968254,0.31666666666666665
Star,FIHEL,EETLL,FIHEL → EETLL,2018-04-06 16:30:00+00:00,2018-04-06 16:30:00+00:00,2018-04-06 16:20:14+00:00,2018-04-06 18:30:00+00:00,2018-04-06 18:26:00+00:00,2018-04-06 18:26:00+00:00,-0.16277777777777777,2.0,2.096111111111111,20.69913043478261,-0.06666666666666667
Star,EETLL,FIHEL,EETLL → FIHEL,2018-04-07 07:30:00+00:00,2018-04-07 07:30:00+00:00,2018-04-07 07:20:15+00:00,2018-04-07 09:30:00+00:00,2018-04-07 09:32:00+00:00,2018-04-07 09:51:00+00:00,-0.1625,2.0,2.5125,20.19685039370079,0.35
Megastar,EETLL,FIHEL,EETLL → FIHEL,2018-04-07 10:30:00+00:00,2018-04-07 10:30:00+00:00,2018-04-07 10:19:14+00:00,2018-04-07 12:30:00+00:00,2018-04-07 12:31:00+00:00,2018-04-07 13:09:00+00:00,-0.17944444444444443,2.0,2.8294444444444444,20.32076923076923,0.65
Star,FIHEL,EETLL,FIHEL → EETLL,2018-04-07 10:30:00+00:00,2018-04-07 10:30:00+00:00,2018-04-07 10:19:21+00:00,2018-04-07 12:30:00+00:00,2018-04-07 12:33:00+00:00,2018-04-07 12:35:00+00:00,-0.1775,2.0,2.2608333333333333,20.41259842519685,0.08333333333333333
Star,EETLL,FIHEL,EETLL → FIHEL,2018-04-07 13:30:00+00:00,2018-04-07 13:30:00+00:00,2018-04-07 13:20:23+00:00,2018-04-07 15:30:00+00:00,2018-04-07 15:33:00+00:00,2018-04-07 15:59:00+00:00,-0.16027777777777777,2.0,2.643611111111111,20.30238095238095,0.48333333333333334
Megastar,EETLL,FIHEL,EETLL → FIHEL,2018-04-08 10:30:00+00:00,2018-04-08 10:30:00+00:00,2018-04-08 10:20:27+00:00,2018-04-08 12:30:00+00:00,2018-04-08 12:32:00+00:00,2018-04-08 12:58:00+00:00,-0.15916666666666668,2.0,2.6258333333333335,19.92661290322581,0.4666666666666667
Star,EETLL,FIHEL,EETLL → FIHEL,2018-04-08 13:30:00+00:00,2018-04-08 13:30:00+00:00,2018-04-08 13:20:24+00:00,2018-04-08 15:30:00+00:00,2018-04-08 15:32:00+00:00,2018-04-08 16:15:00+00:00,-0.16,2.0,2.91,20.18780487804878,0.75
Star,FIHEL,EETLL,FIHEL → EETLL,2018-04-09 10:30:00+00:00,2018-04-09 10:30:00+00:00,2018-04-09 10:19:19+00:00,2018-04-09 12:30:00+00:00,2018-04-09 12:33:00+00:00,2018-04-09 12:46:00+00:00,-0.17805555555555555,2.0,2.444722222222222,20.67723577235773,0.26666666666666666
Megastar,EETLL,FIHEL,EETLL → FIHEL,2018-04-10 04:30:00+00:00,2018-04-10 04:30:00+00:00,2018-04-10 04:21:17+00:00,2018-04-10 06:30:00+00:00,2018-04-10 06:33:00+00:00,2018-04-10 06:54:00+00:00,-0.14527777777777778,2.0,2.5452777777777778,20.249612403100773,0.4
Finlandia,FIHEL,EETLL,FIHEL → EETLL,2018-04-10 18:40:00+00:00,2018-04-10 18:40:00+00:00,2018-04-10 18:42:26+00:00,2018-04-10 20:50:00+00:00,2018-04-10 21:02:00+00:00,2018-04-10 21:11:00+00:00,0.04055555555555555,2.1666666666666665,2.476111111111111,19.58467153284672,0.35
Megastar,FIHEL,EETLL,FIHEL → EETLL,2018-04-11 07:30:00+00:00,2018-04-11 07:30:00+00:00,2018-04-11 07:20:20+00:00,2018-04-11 09:30:00+00:00,2018-04-11 09:35:00+00:00,2018-04-11 09:28:00+00:00,-0.16111111111111112,2.0,2.1277777777777778,21.80909090909091,-0.03333333333333333
Finlandia,EETLL,FIHEL,EETLL → FIHEL,2018-04-11 09:00:00+00:00,2018-04-11 09:00:00+00:00,2018-04-11 09:07:16+00:00,2018-04-11 11:15:00+00:00,2018-04-11 11:25:00+00:00,2018-04-11 11:58:00+00:00,0.12111111111111111,2.25,2.8455555555555554,19.83432835820896,0.7166666666666667
Star,FIHEL,EETLL,FIHEL → EETLL,2018-04-11 16:30:00+00:00,2018-04-11 16:30:00+00:00,2018-04-11 16:20:20+00:00,2018-04-11 18:30:00+00:00,2018-04-11 18:35:00+00:00,2018-04-11 18:45:00+00:00,-0.16111111111111112,2.0,2.411111111111111,21.033050847457627,0.25
Star,EETLL,FIHEL,EETLL → FIHEL,2018-04-11 19:30:00+00:00,2018-04-11 19:30:00+00:00,2018-04-11 19:25:13+00:00,2018-04-11 21:30:00+00:00,2018-04-11 21:37:00+00:00,2018-04-11 22:05:00+00:00,-0.07972222222222222,2.0,2.6630555555555557,20.68617886178862,0.5833333333333334
Megastar,EETLL,FIHEL,EETLL → FIHEL,2018-04-12 04:30:00+00:00,2018-04-12 04:30:00+00:00,2018-04-12 04:20:17+00:00,2018-04-12 06:30:00+00:00,2018-04-12 06:31:00+00:00,2018-04-12 07:05:00+00:00,-0.16194444444444445,2.0,2.745277777777778,20.11908396946565,0.5833333333333334
Star,EETLL,FIHEL,EETLL → FIHEL,2018-04-12 07:30:00+00:00,2018-04-12 07:30:00+00:00,2018-04-12 07:27:14+00:00,2018-04-12 09:30:00+00:00,2018-04-12 09:37:00+00:00,2018-04-12 10:02:00+00:00,-0.04611111111111111,2.0,2.5794444444444444,21.64102564102564,0.5333333333333333
Megastar,EETLL,FIHEL,EETLL → FIHEL,2018-04-12 10:30:00+00:00,2018-04-12 10:30:00+00:00,2018-04-12 10:22:25+00:00,2018-04-12 12:30:00+00:00,2018-04-12 12:34:00+00:00,2018-04-12 13:02:00+00:00,-0.12638888888888888,2.0,2.6597222222222223,20.64015748031496,0.5333333333333333
Star,FIHEL,EETLL,FIHEL → EETLL,2018-04-12 16:30:00+00:00,2018-04-12 16:30:00+00:00,2018-04-12 16:25:04+00:00,2018-04-12 18:30:00+00:00,2018-04-12 18:38:00+00:00,2018-04-12 18:49:00+00:00,-0.08222222222222222,2.0,2.398888888888889,21.160683760683764,0.31666666666666665
Star,EETLL,FIHEL,EETLL → FIHEL,2018-04-12 19:30:00+00:00,2018-04-12 19:30:00+00:00,2018-04-12 19:27:12+00:00,2018-04-12 21:30:00+00:00,2018-04-12 21:39:00+00:00,2018-04-12 22:06:00+00:00,-0.04666666666666667,2.0,2.6466666666666665,20.48272727272727,0.6
Star,EETLL,FIHEL,EETLL → FIHEL,2018-05-01 07:30:00+00:00,2018-05-01 07:30:00+00:00,2018-05-01 07:22:14+00:00,2018-05-01 09:30:00+00:00,2018-05-01 09:34:00+00:00,2018-05-01 10:07:00+00:00,-0.12944444444444445,2.0,2.746111111111111,19.7872,0.6166666666666667
Finlandia,EETLL,FIHEL,EETLL → FIHEL,2018-05-01 09:00:00+00:00,2018-05-01 09:00:00+00:00,2018-05-01 09:01:22+00:00,2018-05-01 11:15:00+00:00,2018-05-01 11:20:00+00:00,2018-05-01 11:55:00+00:00,0.02277777777777778,2.25,2.8938888888888887,20.26136363636364,0.6666666666666666
Finlandia,FIHEL,EETLL,FIHEL → EETLL,2018-05-01 18:40:00+00:00,2018-05-01 18:42:00+00:00,2018-05-01 18:36:07+00:00,2018-05-01 20:50:00+00:00,2018-05-01 20:56:00+00:00,2018-05-01 20:54:00+00:00,-0.06472222222222222,2.1666666666666665,2.2980555555555555,20.11015625,0.06666666666666667
Star,FIHEL,EETLL,FIHEL → EETLL,2018-05-02 04:30:00+00:00,2018-05-02 04:30:00+00:00,2018-05-02 04:22:11+00:00,2018-05-02 06:30:00+00:00,2018-05-02 06:36:00+00:00,2018-05-02 06:44:00+00:00,-0.13027777777777777,2.0,2.363611111111111,20.51981981981982,0.23333333333333334
Star,FIHEL,EETLL,FIHEL → EETLL,2018-05-02 10:30:00+00:00,2018-05-02 10:30:00+00:00,2018-05-02 10:19:22+00:00,2018-05-02 12:30:00+00:00,2018-05-02 12:34:00+00:00,2018-05-02 12:41:00+00:00,-0.17722222222222223,2.0,2.3605555555555555,20.122413793103448,0.18333333333333332
Europa,FIHEL,EETLL,FIHEL → EETLL,2018-05-02 15:30:00+00:00,2018-05-02 15:31:00+00:00,2018-05-02 15:32:21+00:00,2018-05-02 19:00:00+00:00,2018-05-02 18:47:00+00:00,2018-05-02 18:53:00+00:00,0.03916666666666667,3.5,3.3441666666666667,13.998245614035088,-0.11666666666666667
Star,FIHEL,EETLL,FIHEL → EETLL,2018-05-03 04:30:00+00:00,2018-05-03 04:30:00+00:00,2018-05-03 04:21:08+00:00,2018-05-03 06:30:00+00:00,2018-05-03 06:35:00+00:00,2018-05-03 06:38:00+00:00,-0.14777777777777779,2.0,2.281111111111111,20.346017699115045,0.13333333333333333
Finlandia,EETLL,FIHEL,EETLL → FIHEL,2018-05-04 09:00:00+00:00,2018-05-04 09:02:00+00:00,2018-05-04 09:02:15+00:00,2018-05-04 11:15:00+00:00,2018-05-04 11:21:00+00:00,2018-05-04 11:56:00+00:00,0.0375,2.25,2.8958333333333335,20.20229007633588,0.6833333333333333
Megastar,EETLL,FIHEL,EETLL → FIHEL,2018-05-04 10:30:00+00:00,2018-05-04 10:30:00+00:00,2018-05-04 10:19:18+00:00,2018-05-04 12:30:00+00:00,2018-05-04 12:31:00+00:00,2018-05-04 12:54:00+00:00,-0.17833333333333334,2.0,2.578333333333333,19.8376,0.4
Star,FIHEL,EETLL,FIHEL → EETLL,2018-05-04 16:30:00+00:00,2018-05-04 16:30:00+00:00,2018-05-04 16:20:44+00:00,2018-05-04 18:30:00+00:00,2018-05-04 18:34:00+00:00,2018-05-04 18:38:00+00:00,-0.15444444444444444,2.0,2.287777777777778,20.10462962962963,0.13333333333333333
Megastar,EETLL,FIHEL,EETLL → FIHEL,2018-05-05 10:30:00+00:00,2018-05-05 10:30:00+00:00,2018-05-05 10:19:16+00:00,2018-05-05 12:30:00+00:00,2018-05-05 12:31:00+00:00,2018-05-05 12:50:00+00:00,-0.17888888888888888,2.0,2.5122222222222224,20.374166666666667,0.3333333333333333
Megastar,FIHEL,EETLL,FIHEL → EETLL,2018-05-07 07:30:00+00:00,2018-05-07 07:30:00+00:00,2018-05-07 07:20:15+00:00,2018-05-07 09:30:00+00:00,2018-05-07 09:35:00+00:00,2018-05-07 09:36:00+00:00,-0.1625,2.0,2.2625,21.223076923076924,0.1
Finlandia,EETLL,FIHEL,EETLL → FIHEL,2018-05-07 09:00:00+00:00,2018-05-07 09:00:00+00:00,2018-05-07 08:56:51+00:00,2018-05-07 11:15:00+00:00,2018-05-07 11:15:00+00:00,2018-05-07 11:47:00+00:00,-0.0525,2.25,2.8358333333333334,19.14087591240876,0.5333333333333333
Star,FIHEL,EETLL,FIHEL → EETLL,2018-05-07 10:30:00+00:00,2018-05-07 10:30:00+00:00,2018-05-07 10:19:13+00:00,2018-05-07 12:30:00+00:00,2018-05-07 12:33:00+00:00,2018-05-07 12:37:00+00:00,-0.17972222222222223,2.0,2.296388888888889,20.05728155339806,0.11666666666666667
Finlandia,FIHEL,EETLL,FIHEL → EETLL,2018-05-07 18:40:00+00:00,2018-05-07 18:40:00+00:00,2018-05-07 18:36:03+00:00,2018-05-07 20:50:00+00:00,2018-05-07 20:56:00+00:00,2018-05-07 21:02:00+00:00,-0.06583333333333333,2.1666666666666665,2.4325,19.447407407407407,0.2
Finlandia,EETLL,FIHEL,EETLL → FIHEL,2018-05-08 09:00:00+00:00,2018-05-08 09:09:00+00:00,2018-05-08 09:09:09+00:00,2018-05-08 11:15:00+00:00,2018-05-08 11:27:00+00:00,2018-05-08 11:54:00+00:00,0.1525,2.25,2.7475,19.78854961832061,0.65
Star,EETLL,FIHEL,EETLL → FIHEL,2018-05-08 20:30:00+00:00,2018-05-08 20:30:00+00:00,2018-05-08 20:20:08+00:00,2018-05-08 22:30:00+00:00,2018-05-08 22:32:00+00:00,2018-05-08 22:50:00+00:00,-0.16444444444444445,2.0,2.497777777777778,19.858196721311472,0.3333333333333333
Megastar,EETLL,FIHEL,EETLL → FIHEL,2018-05-09 04:30:00+00:00,2018-05-09 04:30:00+00:00,2018-05-09 04:21:20+00:00,2018-05-09 06:30:00+00:00,2018-05-09 06:33:00+00:00,2018-05-09 06:55:00+00:00,-0.14444444444444443,2.0,2.561111111111111,20.29,0.4166666666666667
Megastar,EETLL,FIHEL,EETLL → FIHEL,2018-05-09 16:30:00+00:00,2018-05-09 16:30:00+00:00,2018-05-09 16:20:47+00:00,2018-05-09 18:30:00+00:00,2018-05-09 18:32:00+00:00,2018-05-09 18:49:00+00:00,-0.15361111111111111,2.0,2.4702777777777776,19.97377049180328,0.31666666666666665
Megastar,FIHEL,EETLL,FIHEL → EETLL,2018-05-10 19:30:00+00:00,2018-05-10 19:30:00+00:00,2018-05-10 19:20:41+00:00,2018-05-10 21:30:00+00:00,2018-05-10 21:35:00+00:00,2018-05-10 21:47:00+00:00,-0.15527777777777776,2.0,2.4386111111111113,21.74909090909091,0.2833333333333333
Finlandia,EETLL,FIHEL,EETLL → FIHEL,2018-05-11 09:00:00+00:00,2018-05-11 09:00:00+00:00,2018-05-11 08:55:28+00:00,2018-05-11 11:15:00+00:00,2018-05-11 11:13:00+00:00,2018-05-11 11:45:00+00:00,-0.07555555555555556,2.25,2.8255555555555554,19.65230769230769,0.5
Finlandia,FIHEL,EETLL,FIHEL → EETLL,2018-05-11 12:15:00+00:00,2018-05-11 12:15:00+00:00,2018-05-11 12:15:15+00:00,2018-05-11 14:30:00+00:00,2018-05-11 14:35:00+00:00,2018-05-11 14:37:00+00:00,0.004166666666666667,2.25,2.3625,20.365322580645163,0.11666666666666667
Star,FIHEL,EETLL,FIHEL → EETLL,2018-05-11 16:30:00+00:00,2018-05-11 16:30:00+00:00,2018-05-11 16:21:24+00:00,2018-05-11 18:30:00+00:00,2018-05-11 18:35:00+00:00,2018-05-11 18:40:00+00:00,-0.14333333333333334,2.0,2.31,20.50267857142857,0.16666666666666666
Finlandia,EETLL,FIHEL,EETLL → FIHEL,2018-05-12 03:00:00+00:00,2018-05-12 03:00:00+00:00,2018-05-12 02:48:53+00:00,2018-05-12 05:15:00+00:00,2018-05-12 05:07:00+00:00,2018-05-12 05:31:00+00:00,-0.1852777777777778,2.25,2.7019444444444445,18.368794326241133,0.26666666666666666
Finlandia,EETLL,FIHEL,EETLL → FIHEL,2018-05-12 09:00:00+00:00,2018-05-12 09:01:00+00:00,2018-05-12 09:01:52+00:00,2018-05-12 11:15:00+00:00,2018-05-12 11:19:00+00:00,2018-05-12 11:49:00+00:00,0.03111111111111111,2.25,2.7855555555555553,20.3712,0.5666666666666667
Star,FIHEL,EETLL,FIHEL → EETLL,2018-06-01 04:30:00+00:00,2018-06-01 04:30:00+00:00,2018-06-01 04:22:13+00:00,2018-06-01 06:30:00+00:00,2018-06-01 06:36:00+00:00,2018-06-01 06:36:00+00:00,-0.1297222222222222,2.0,2.229722222222222,19.9130081300813,0.1
Megastar,FIHEL,EETLL,FIHEL → EETLL,2018-06-01 19:30:00+00:00,2018-06-01 19:30:00+00:00,2018-06-01 19:23:40+00:00,2018-06-01 21:30:00+00:00,2018-06-01 21:38:00+00:00,2018-06-01 21:43:00+00:00,-0.10555555555555556,2.0,2.3222222222222224,21.38348623853211,0.21666666666666667
Finlandia,EETLL,FIHEL,EETLL → FIHEL,2018-06-02 15:30:00+00:00,2018-06-02 15:30:00+00:00,2018-06-02 15:21:12+00:00,2018-06-02 18:00:00+00:00,2018-06-02 17:39:00+00:00,2018-06-02 18:17:00+00:00,-0.14666666666666667,2.5,2.93,17.71390728476821,0.2833333333333333
Megastar,FIHEL,EETLL,FIHEL → EETLL,2018-06-04 19:30:00+00:00,2018-06-04 19:30:00+00:00,2018-06-04 19:18:07+00:00,2018-06-04 21:30:00+00:00,2018-06-04 21:32:00+00:00,2018-06-04 21:34:00+00:00,-0.19805555555555557,2.0,2.2647222222222223,20.52520325203252,0.06666666666666667
Finlandia,EETLL,FIHEL,EETLL → FIHEL,2018-06-06 15:30:00+00:00,2018-06-06 15:36:00+00:00,2018-06-06 15:35:56+00:00,2018-06-06 18:00:00+00:00,2018-06-06 17:54:00+00:00,2018-06-06 18:23:00+00:00,0.09888888888888889,2.5,2.7844444444444445,19.555882352941172,0.38333333333333336
Megastar,EETLL,FIHEL,EETLL → FIHEL,2018-06-06 16:30:00+00:00,2018-06-06 16:30:00+00:00,2018-06-06 16:19:56+00:00,2018-06-06 18:30:00+00:00,2018-06-06 18:32:00+00:00,2018-06-06 19:00:00+00:00,-0.16777777777777778,2.0,2.667777777777778,20.591129032258067,0.5
Megastar,FIHEL,EETLL,FIHEL → EETLL,2018-06-08 13:30:00+00:00,2018-06-08 13:30:00+00:00,2018-06-08 13:30:55+00:00,2018-06-08 15:30:00+00:00,2018-06-08 15:45:00+00:00,2018-06-08 15:55:00+00:00,0.015277777777777777,2.0,2.401388888888889,22.876146788990827,0.4166666666666667
Star,EETLL,FIHEL,EETLL → FIHEL,2018-06-08 13:30:00+00:00,2018-06-08 13:30:00+00:00,2018-06-08 13:21:12+00:00,2018-06-08 15:30:00+00:00,2018-06-08 15:33:00+00:00,2018-06-08 15:53:00+00:00,-0.14666666666666667,2.0,2.53,20.451239669421486,0.38333333333333336
Finlandia,FIHEL,EETLL,FIHEL → EETLL,2018-06-09 06:00:00+00:00,2018-06-09 06:00:00+00:00,2018-06-09 05:54:40+00:00,2018-06-09 08:15:00+00:00,2018-06-09 08:15:00+00:00,2018-06-09 08:16:00+00:00,-0.08888888888888889,2.25,2.3555555555555556,19.954615384615384,0.016666666666666666
Finlandia,EETLL,FIHEL,EETLL → FIHEL,2018-06-09 09:00:00+00:00,2018-06-09 09:00:00+00:00,2018-06-09 08:54:52+00:00,2018-06-09 11:15:00+00:00,2018-06-09 11:13:00+00:00,2018-06-09 11:50:00+00:00,-0.08555555555555555,2.25,2.918888888888889,19.63529411764706,0.5833333333333334
Star,EETLL,FIHEL,EETLL → FIHEL,2018-06-09 13:30:00+00:00,2018-06-09 13:30:00+00:00,2018-06-09 13:23:38+00:00,2018-06-09 15:30:00+00:00,2018-06-09 15:35:00+00:00,2018-06-09 15:58:00+00:00,-0.10611111111111111,2.0,2.5727777777777776,19.92661290322581,0.4666666666666667
Megastar,FIHEL,EETLL,FIHEL → EETLL,2018-06-09 13:30:00+00:00,2018-06-09 13:30:00+00:00,2018-06-09 13:20:13+00:00,2018-06-09 15:30:00+00:00,2018-06-09 15:34:00+00:00,2018-06-09 15:39:00+00:00,-0.16305555555555556,2.0,2.3130555555555556,21.06016949152542,0.15
Megastar,FIHEL,EETLL,FIHEL → EETLL,2018-06-09 19:30:00+00:00,2018-06-09 19:30:00+00:00,2018-06-09 19:20:30+00:00,2018-06-09 21:30:00+00:00,2018-06-09 21:35:00+00:00,2018-06-09 21:40:00+00:00,-0.15833333333333333,2.0,2.325,20.98347107438017,0.16666666666666666
Finlandia,EETLL,FIHEL,EETLL → FIHEL,2018-06-10 09:00:00+00:00,2018-06-10 09:03:00+00:00,2018-06-10 09:03:59+00:00,2018-06-10 11:15:00+00:00,2018-06-10 11:23:00+00:00,2018-06-10 11:46:00+00:00,0.06638888888888889,2.25,2.700277777777778,20.28854961832061,0.5166666666666667
Megastar,EETLL,FIHEL,EETLL → FIHEL,2018-06-10 10:30:00+00:00,2018-06-10 10:30:00+00:00,2018-06-10 10:24:44+00:00,2018-06-10 12:30:00+00:00,2018-06-10 12:35:00+00:00,2018-06-10 13:06:00+00:00,-0.08777777777777777,2.0,2.687777777777778,21.48793103448276,0.6
Megastar,EETLL,FIHEL,EETLL → FIHEL,2018-06-11 16:30:00+00:00,2018-06-11 16:30:00+00:00,2018-06-11 16:22:43+00:00,2018-06-11 18:30:00+00:00,2018-06-11 18:34:00+00:00,2018-06-11 19:11:00+00:00,-0.1213888888888889,2.0,2.8047222222222223,20.451219512195124,0.6833333333333333
Megastar,FIHEL,EETLL,FIHEL → EETLL,2018-06-12 07:30:00+00:00,2018-06-12 07:30:00+00:00,2018-06-12 07:19:28+00:00,2018-06-12 09:30:00+00:00,2018-06-12 09:34:00+00:00,2018-06-12 09:38:00+00:00,-0.17555555555555555,2.0,2.3088888888888888,21.175,0.13333333333333333
Star,EETLL,FIHEL,EETLL → FIHEL,2018-06-12 13:30:00+00:00,2018-06-12 13:30:00+00:00,2018-06-12 13:21:09+00:00,2018-06-12 15:30:00+00:00,2018-06-12 15:33:00+00:00,2018-06-12 15:55:00+00:00,-0.1475,2.0,2.5641666666666665,19.538400000000003,0.4166666666666667
Megastar,EETLL,FIHEL,EETLL → FIHEL,2018-07-01 04:30:00+00:00,2018-07-01 04:30:00+00:00,2018-07-01 04:20:18+00:00,2018-07-01 06:30:00+00:00,2018-07-01 06:31:00+00:00,2018-07-01 07:03:00+00:00,-0.16166666666666665,2.0,2.7116666666666664,20.27603305785124,0.55
Finlandia,EETLL,FIHEL,EETLL → FIHEL,2018-07-01 09:00:00+00:00,2018-07-01 09:00:00+00:00,2018-07-01 08:59:18+00:00,2018-07-01 11:15:00+00:00,2018-07-01 11:18:00+00:00,2018-07-01 12:01:00+00:00,-0.011666666666666667,2.25,3.0283333333333333,20.1921875,0.7666666666666667
Star,FIHEL,EETLL,FIHEL → EETLL,2018-07-01 10:30:00+00:00,2018-07-01 10:30:00+00:00,2018-07-01 10:19:22+00:00,2018-07-01 12:30:00+00:00,2018-07-01 12:34:00+00:00,2018-07-01 12:42:00+00:00,-0.17722222222222223,2.0,2.377222222222222,19.52578125,0.2
Star,EETLL,FIHEL,EETLL → FIHEL,2018-07-02 07:30:00+00:00,2018-07-02 07:30:00+00:00,2018-07-02 07:26:18+00:00,2018-07-02 09:30:00+00:00,2018-07-02 09:38:00+00:00,2018-07-02 10:03:00+00:00,-0.06166666666666667,2.0,2.611666666666667,19.522413793103446,0.55
Megastar,EETLL,FIHEL,EETLL → FIHEL,2018-07-02 10:30:00+00:00,2018-07-02 10:30:00+00:00,2018-07-02 10:22:16+00:00,2018-07-02 12:30:00+00:00,2018-07-02 12:34:00+00:00,2018-07-02 12:57:00+00:00,-0.1288888888888889,2.0,2.578888888888889,20.742241379310343,0.45
Finlandia,EETLL,FIHEL,EETLL → FIHEL,2018-07-02 15:30:00+00:00,2018-07-02 15:30:00+00:00,2018-07-02 15:29:45+00:00,2018-07-02 18:00:00+00:00,2018-07-02 17:47:00+00:00,2018-07-02 18:13:00+00:00,-0.004166666666666667,2.5,2.720833333333333,18.2939393939394,0.21666666666666667
Finlandia,EETLL,FIHEL,EETLL → FIHEL,2018-07-03 03:00:00+00:00,2018-07-03 03:00:00+00:00,2018-07-03 02:55:55+00:00,2018-07-03 05:15:00+00:00,2018-07-03 05:14:00+00:00,2018-07-03 05:48:00+00:00,-0.06805555555555555,2.25,2.8680555555555554,19.986259541984733,0.55
Finlandia,EETLL,FIHEL,EETLL → FIHEL,2018-07-03 15:30:00+00:00,2018-07-03 15:30:00+00:00,2018-07-03 15:28:51+00:00,2018-07-03 18:00:00+00:00,2018-07-03 17:47:00+00:00,2018-07-03 18:16:00+00:00,-0.019166666666666665,2.5,2.785833333333333,18.524637681159422,0.26666666666666666
Finlandia,EETLL,FIHEL,EETLL → FIHEL,2018-07-05 09:00:00+00:00,2018-07-05 09:07:00+00:00,2018-07-05 09:07:56+00:00,2018-07-05 11:15:00+00:00,2018-07-05 11:26:00+00:00,2018-07-05 11:57:00+00:00,0.1322222222222222,2.25,2.8177777777777777,20.497692307692308,0.7
Star,EETLL,FIHEL,EETLL → FIHEL,2018-07-07 13:30:00+00:00,2018-07-07 13:30:00+00:00,2018-07-07 13:19:17+00:00,2018-07-07 15:30:00+00:00,2018-07-07 15:31:00+00:00,2018-07-07 15:49:00+00:00,-0.1786111111111111,2.0,2.495277777777778,18.91269841269841,0.31666666666666665
Megastar,FIHEL,EETLL,FIHEL → EETLL,2018-07-07 13:30:00+00:00,2018-07-07 13:30:00+00:00,2018-07-07 13:19:18+00:00,2018-07-07 15:30:00+00:00,2018-07-07 15:34:00+00:00,2018-07-07 15:39:00+00:00,-0.17833333333333334,2.0,2.328333333333333,21.152631578947368,0.15
Star,EETLL,FIHEL,EETLL → FIHEL,2018-07-08 07:30:00+00:00,2018-07-08 07:30:00+00:00,2018-07-08 07:22:23+00:00,2018-07-08 09:30:00+00:00,2018-07-08 09:33:00+00:00,2018-07-08 09:35:00+00:00,-0.12694444444444444,2.0,2.210277777777778,19.4632,0.08333333333333333
Star,FIHEL,EETLL,FIHEL → EETLL,2018-07-08 10:30:00+00:00,2018-07-08 10:30:00+00:00,2018-07-08 10:18:57+00:00,2018-07-08 12:30:00+00:00,2018-07-08 12:31:00+00:00,2018-07-08 12:40:00+00:00,-0.18416666666666667,2.0,2.3508333333333336,19.585833333333333,0.16666666666666666
Finlandia,FIHEL,EETLL,FIHEL → EETLL,2018-07-09 12:15:00+00:00,2018-07-09 12:28:00+00:00,2018-07-09 12:29:41+00:00,2018-07-09 14:30:00+00:00,2018-07-09 14:49:00+00:00,2018-07-09 14:49:00+00:00,0.24472222222222223,2.25,2.3219444444444446,21.58606557377049,0.31666666666666665
Finlandia,FIHEL,EETLL,FIHEL → EETLL,2018-07-09 18:40:00+00:00,2018-07-09 18:52:00+00:00,2018-07-09 18:53:01+00:00,2018-07-09 20:50:00+00:00,2018-07-09 21:13:00+00:00,2018-07-09 21:21:00+00:00,0.21694444444444444,2.1666666666666665,2.466388888888889,21.74033613445378,0.5166666666666667
Finlandia,FIHEL,EETLL,FIHEL → EETLL,2018-07-10 12:15:00+00:00,2018-07-10 12:19:00+00:00,2018-07-10 12:19:33+00:00,2018-07-10 14:30:00+00:00,2018-07-10 14:40:00+00:00,2018-07-10 14:54:00+00:00,0.07583333333333334,2.25,2.5741666666666667,21.131707317073168,0.4
Star,EETLL,FIHEL,EETLL → FIHEL,2018-07-10 13:30:00+00:00,2018-07-10 13:30:00+00:00,2018-07-10 13:22:07+00:00,2018-07-10 15:30:00+00:00,2018-07-10 15:33:00+00:00,2018-07-10 16:06:00+00:00,-0.1313888888888889,2.0,2.731388888888889,19.418181818181814,0.6
Star,FIHEL,EETLL,FIHEL → EETLL,2018-07-10 16:30:00+00:00,2018-07-10 16:30:00+00:00,2018-07-10 16:19:54+00:00,2018-07-10 18:30:00+00:00,2018-07-10 18:34:00+00:00,2018-07-10 18:40:00+00:00,-0.16833333333333333,2.0,2.335,20.074107142857144,0.16666666666666666
Megastar,EETLL,FIHEL,EETLL → FIHEL,2018-07-11 04:30:00+00:00,2018-07-11 04:30:00+00:00,2018-07-11 04:19:22+00:00,2018-07-11 06:30:00+00:00,2018-07-11 06:31:00+00:00,2018-07-11 07:07:00+00:00,-0.17722222222222223,2.0,2.793888888888889,19.826153846153847,0.6166666666666667
Megastar,FIHEL,EETLL,FIHEL → EETLL,2018-07-11 07:30:00+00:00,2018-07-11 07:30:00+00:00,2018-07-11 07:21:08+00:00,2018-07-11 09:30:00+00:00,2018-07-11 09:33:00+00:00,2018-07-11 09:31:00+00:00,-0.14777777777777779,2.0,2.1644444444444444,20.88947368421053,0.016666666666666666
Megastar,FIHEL,EETLL,FIHEL → EETLL,2018-07-11 13:30:00+00:00,2018-07-11 13:30:00+00:00,2018-07-11 13:22:13+00:00,2018-07-11 15:30:00+00:00,2018-07-11 15:36:00+00:00,2018-07-11 15:34:00+00:00,-0.1297222222222222,2.0,2.196388888888889,20.925833333333333,0.06666666666666667
Europa,FIHEL,EETLL,FIHEL → EETLL,2018-07-11 15:30:00+00:00,2018-07-11 15:32:00+00:00,2018-07-11 15:34:45+00:00,2018-07-11 19:00:00+00:00,2018-07-11 18:50:00+00:00,2018-07-11 18:45:00+00:00,0.07916666666666666,3.5,3.1708333333333334,13.880104712041884,-0.25
Star,FIHEL,EETLL,FIHEL → EETLL,2018-07-11 16:30:00+00:00,2018-07-11 16:30:00+00:00,2018-07-11 15:37:21+00:00,2018-07-11 18:30:00+00:00,2018-07-11 18:35:00+00:00,2018-07-11 18:41:00+00:00,-0.8775,2.0,3.0608333333333335,20.25042016806723,0.18333333333333332
Finlandia,EETLL,FIHEL,EETLL → FIHEL,2018-07-12 09:00:00+00:00,2018-07-12 09:08:00+00:00,2018-07-12 09:08:45+00:00,2018-07-12 11:15:00+00:00,2018-07-12 11:27:00+00:00,2018-07-12 11:58:00+00:00,0.14583333333333334,2.25,2.8208333333333333,20.53893129770992,0.7166666666666667
Finlandia,EETLL,FIHEL,EETLL → FIHEL,2018-08-01 09:00:00+00:00,2018-08-01 09:06:00+00:00,2018-08-01 09:06:12+00:00,2018-08-01 11:15:00+00:00,2018-08-01 11:25:00+00:00,2018-08-01 11:52:00+00:00,0.10333333333333333,2.25,2.763333333333333,20.49561403508772,0.6166666666666667
Star,FIHEL,EETLL,FIHEL → EETLL,2018-08-01 10:30:00+00:00,2018-08-01 10:30:00+00:00,2018-08-01 10:22:12+00:00,2018-08-01 12:30:00+00:00,2018-08-01 12:36:00+00:00,2018-08-01 12:39:00+00:00,-0.13,2.0,2.28,20.251239669421487,0.15
Finlandia,FIHEL,EETLL,FIHEL → EETLL,2018-08-01 12:15:00+00:00,2018-08-01 12:15:00+00:00,2018-08-01 12:14:10+00:00,2018-08-01 14:30:00+00:00,2018-08-01 14:34:00+00:00,2018-08-01 14:35:00+00:00,-0.013888888888888888,2.25,2.3472222222222223,18.25,0.08333333333333333
Star,EETLL,FIHEL,EETLL → FIHEL,2018-08-01 13:30:00+00:00,2018-08-01 13:30:00+00:00,2018-08-01 14:15:13+00:00,2018-08-01 15:30:00+00:00,2018-08-01 15:30:00+00:00,2018-08-01 15:30:00+00:00,0.7536111111111111,2.0,1.246388888888889,19.301960784313724,0.0
Finlandia,FIHEL,EETLL,FIHEL → EETLL,2018-08-01 18:40:00+00:00,2018-08-01 19:00:00+00:00,2018-08-01 18:59:38+00:00,2018-08-01 20:50:00+00:00,2018-08-01 21:10:00+00:00,2018-08-01 21:10:00+00:00,0.32722222222222225,2.1666666666666665,2.1727777777777777,22.66576576576577,0.3333333333333333
Star,EETLL,FIHEL,EETLL → FIHEL,2018-08-01 19:30:00+00:00,2018-08-01 19:30:00+00:00,2018-08-01 19:20:13+00:00,2018-08-01 21:30:00+00:00,2018-08-01 21:31:00+00:00,2018-08-01 22:04:00+00:00,-0.16305555555555556,2.0,2.729722222222222,20.33421052631579,0.5666666666666667
Star,EETLL,FIHEL,EETLL → FIHEL,2018-08-02 07:30:00+00:00,2018-08-02 07:30:00+00:00,2018-08-02 07:21:00+00:00,2018-08-02 09:30:00+00:00,2018-08-02 09:33:00+00:00,2018-08-02 09:52:00+00:00,-0.15,2.0,2.5166666666666666,19.23444444444444,0.36666666666666664
Europa,FIHEL,EETLL,FIHEL → EETLL,2018-08-03 15:30:00+00:00,2018-08-03 15:33:00+00:00,2018-08-03 15:33:50+00:00,2018-08-03 19:00:00+00:00,2018-08-03 18:49:00+00:00,2018-08-03 18:56:00+00:00,0.06388888888888888,3.5,3.3694444444444445,13.635042735042736,-0.06666666666666667
Finlandia,FIHEL,EETLL,FIHEL → EETLL,2018-08-03 18:40:00+00:00,2018-08-03 18:47:00+00:00,2018-08-03 18:46:56+00:00,2018-08-03 20:50:00+00:00,2018-08-03 21:07:00+00:00,2018-08-03 21:12:00+00:00,0.11555555555555555,2.1666666666666665,2.417777777777778,22.30762711864407,0.36666666666666664
Star,EETLL,FIHEL,EETLL → FIHEL,2018-08-04 13:30:00+00:00,2018-08-04 13:30:00+00:00,2018-08-04 13:29:58+00:00,2018-08-04 15:30:00+00:00,2018-08-04 15:29:00+00:00,2018-08-04 15:30:00+00:00,-0.0005555555555555556,2.0,2.0005555555555556,20.90235294117647,0.0
Megastar,FIHEL,EETLL,FIHEL → EETLL,2018-08-04 19:30:00+00:00,2018-08-04 19:30:00+00:00,2018-08-04 19:18:14+00:00,2018-08-04 21:30:00+00:00,2018-08-04 21:32:00+00:00,2018-08-04 21:34:00+00:00,-0.19611111111111112,2.0,2.262777777777778,19.143478260869568,0.06666666666666667
Star,FIHEL,EETLL,FIHEL → EETLL,2018-08-05 04:30:00+00:00,2018-08-05 04:30:00+00:00,2018-08-05 04:18:54+00:00,2018-08-05 06:30:00+00:00,2018-08-05 06:32:00+00:00,2018-08-05 06:32:00+00:00,-0.185,2.0,2.2183333333333333,18.9875,0.03333333333333333
Megastar,FIHEL,EETLL,FIHEL → EETLL,2018-08-05 13:30:00+00:00,2018-08-05 13:30:00+00:00,2018-08-05 13:19:36+00:00,2018-08-05 15:30:00+00:00,2018-08-05 15:33:00+00:00,2018-08-05 15:34:00+00:00,-0.17333333333333334,2.0,2.24,20.669565217391305,0.06666666666666667
Megastar,EETLL,FIHEL,EETLL → FIHEL,2018-08-06 04:30:00+00:00,2018-08-06 04:30:00+00:00,2018-08-06 04:20:31+00:00,2018-08-06 06:30:00+00:00,2018-08-06 06:32:00+00:00,2018-08-06 06:52:00+00:00,-0.15805555555555556,2.0,2.524722222222222,21.467826086956524,0.36666666666666664
Finlandia,EETLL,FIHEL,EETLL → FIHEL,2018-08-06 09:00:00+00:00,2018-08-06 09:00:00+00:00,2018-08-06 09:15:06+00:00,2018-08-06 11:15:00+00:00,2018-08-06 11:20:00+00:00,2018-08-06 11:23:00+00:00,0.25166666666666665,2.25,2.131666666666667,21.379591836734694,0.13333333333333333
Star,EETLL,FIHEL,EETLL → FIHEL,2018-08-06 13:30:00+00:00,2018-08-06 13:30:00+00:00,2018-08-06 13:21:57+00:00,2018-08-06 15:30:00+00:00,2018-08-06 15:34:00+00:00,2018-08-06 15:51:00+00:00,-0.13416666666666666,2.0,2.484166666666667,19.520175438596493,0.35
Star,EETLL,FIHEL,EETLL → FIHEL,2018-08-08 07:30:00+00:00,2018-08-08 07:30:00+00:00,2018-08-08 07:19:30+00:00,2018-08-08 09:30:00+00:00,2018-08-08 09:31:00+00:00,2018-08-08 09:51:00+00:00,-0.175,2.0,2.525,18.09638554216868,0.35
Finlandia,FIHEL,EETLL,FIHEL → EETLL,2018-08-08 12:15:00+00:00,2018-08-08 12:30:00+00:00,2018-08-08 12:13:17+00:00,2018-08-08 14:30:00+00:00,2018-08-08 14:32:00+00:00,2018-08-08 14:38:00+00:00,-0.02861111111111111,2.25,2.4119444444444444,19.35882352941176,0.13333333333333333
Megastar,EETLL,FIHEL,EETLL → FIHEL,2018-08-09 04:30:00+00:00,2018-08-09 04:30:00+00:00,2018-08-09 04:21:08+00:00,2018-08-09 06:30:00+00:00,2018-08-09 06:33:00+00:00,2018-08-09 06:51:00+00:00,-0.14777777777777779,2.0,2.497777777777778,20.092660550458717,0.35
Megastar,FIHEL,EETLL,FIHEL → EETLL,2018-08-09 07:30:00+00:00,2018-08-09 07:30:00+00:00,2018-08-09 07:19:21+00:00,2018-08-09 09:30:00+00:00,2018-08-09 09:34:00+00:00,2018-08-09 09:41:00+00:00,-0.1775,2.0,2.3608333333333333,20.754782608695653,0.18333333333333332
Megastar,FIHEL,EETLL,FIHEL → EETLL,2018-08-10 07:30:00+00:00,2018-08-10 07:30:00+00:00,2018-08-10 07:19:42+00:00,2018-08-10 09:30:00+00:00,2018-08-10 09:34:00+00:00,2018-08-10 09:39:00+00:00,-0.17166666666666666,2.0,2.3216666666666668,20.503278688524592,0.15
Star,EETLL,FIHEL,EETLL → FIHEL,2018-08-10 19:30:00+00:00,2018-08-10 19:30:00+00:00,2018-08-10 19:44:40+00:00,2018-08-10 21:30:00+00:00,2018-08-10 21:31:00+00:00,2018-08-10 21:28:00+00:00,0.24444444444444444,2.0,1.7222222222222223,19.62545454545455,-0.03333333333333333
Star,FIHEL,EETLL,FIHEL → EETLL,2018-08-11 10:30:00+00:00,2018-08-11 10:30:00+00:00,2018-08-11 10:21:17+00:00,2018-08-11 12:30:00+00:00,2018-08-11 12:36:00+00:00,2018-08-11 12:40:00+00:00,-0.14527777777777778,2.0,2.3119444444444444,20.722727272727276,0.16666666666666666
Megastar,EETLL,FIHEL,EETLL → FIHEL,2018-08-12 16:30:00+00:00,2018-08-12 16:43:00+00:00,2018-08-12 16:21:10+00:00,2018-08-12 18:30:00+00:00,2018-08-12 18:33:00+00:00,2018-08-12 18:57:00+00:00,-0.14722222222222223,2.0,2.5972222222222223,19.70769230769231,0.45
Star,FIHEL,EETLL,FIHEL → EETLL,2018-09-01 04:30:00+00:00,2018-09-01 04:30:00+00:00,2018-09-01 04:28:15+00:00,2018-09-01 06:30:00+00:00,2018-09-01 06:42:00+00:00,2018-09-01 06:49:00+00:00,-0.029166666666666667,2.0,2.345833333333333,21.109166666666667,0.31666666666666665
Finlandia,EETLL,FIHEL,EETLL → FIHEL,2018-09-02 09:00:00+00:00,2018-09-02 09:07:00+00:00,2018-09-02 09:07:17+00:00,2018-09-02 11:15:00+00:00,2018-09-02 11:25:00+00:00,2018-09-02 11:50:00+00:00,0.1213888888888889,2.25,2.7119444444444443,20.7703125,0.5833333333333334
Star,FIHEL,EETLL,FIHEL → EETLL,2018-09-02 16:30:00+00:00,2018-09-02 16:30:00+00:00,2018-09-02 16:19:25+00:00,2018-09-02 18:30:00+00:00,2018-09-02 18:33:00+00:00,2018-09-02 18:36:00+00:00,-0.1763888888888889,2.0,2.276388888888889,19.71875,0.1
Megastar,FIHEL,EETLL,FIHEL → EETLL,2018-09-03 13:30:00+00:00,2018-09-03 13:30:00+00:00,2018-09-03 13:19:12+00:00,2018-09-03 15:30:00+00:00,2018-09-03 15:34:00+00:00,2018-09-03 15:38:00+00:00,-0.18,2.0,2.3133333333333335,20.49370078740157,0.13333333333333333
Star,EETLL,FIHEL,EETLL → FIHEL,2018-09-03 13:30:00+00:00,2018-09-03 13:30:00+00:00,2018-09-03 13:19:17+00:00,2018-09-03 15:30:00+00:00,2018-09-03 15:31:00+00:00,2018-09-03 15:56:00+00:00,-0.1786111111111111,2.0,2.6119444444444446,18.934615384615384,0.43333333333333335
Star,EETLL,FIHEL,EETLL → FIHEL,2018-09-03 19:30:00+00:00,2018-09-03 19:30:00+00:00,2018-09-03 19:22:16+00:00,2018-09-03 21:30:00+00:00,2018-09-03 21:34:00+00:00,2018-09-03 21:58:00+00:00,-0.1288888888888889,2.0,2.5955555555555554,19.53359375,0.4666666666666667
Finlandia,EETLL,FIHEL,EETLL → FIHEL,2018-09-04 15:30:00+00:00,2018-09-04 15:31:00+00:00,2018-09-04 14:34:49+00:00,2018-09-04 18:00:00+00:00,2018-09-04 17:49:00+00:00,2018-09-04 18:14:00+00:00,-0.9197222222222222,2.5,3.6530555555555555,18.720567375886525,0.23333333333333334
Europa,FIHEL,EETLL,FIHEL → EETLL,2018-09-04 15:30:00+00:00,2018-09-04 15:35:00+00:00,2018-09-04 15:35:16+00:00,2018-09-04 19:00:00+00:00,2018-09-04 18:50:00+00:00,2018-09-04 18:58:00+00:00,0.08777777777777777,3.5,3.378888888888889,14.114973262032086,-0.03333333333333333
Megastar,EETLL,FIHEL,EETLL → FIHEL,2018-09-05 04:30:00+00:00,2018-09-05 04:30:00+00:00,2018-09-05 04:17:50+00:00,2018-09-05 06:30:00+00:00,2018-09-05 06:31:00+00:00,2018-09-05 06:53:00+00:00,-0.20277777777777778,2.0,2.5861111111111112,19.9763358778626,0.38333333333333336
Star,FIHEL,EETLL,FIHEL → EETLL,2018-09-06 10:30:00+00:00,2018-09-06 10:30:00+00:00,2018-09-06 10:19:13+00:00,2018-09-06 12:30:00+00:00,2018-09-06 12:34:00+00:00,2018-09-06 12:30:00+00:00,-0.17972222222222223,2.0,2.1797222222222223,19.93109243697479,0.0
Star,EETLL,FIHEL,EETLL → FIHEL,2018-09-06 19:30:00+00:00,2018-09-06 19:30:00+00:00,2018-09-06 19:22:25+00:00,2018-09-06 21:30:00+00:00,2018-09-06 21:34:00+00:00,2018-09-06 21:53:00+00:00,-0.12638888888888888,2.0,2.5097222222222224,19.39212598425197,0.38333333333333336
Megastar,FIHEL,EETLL,FIHEL → EETLL,2018-09-08 07:30:00+00:00,2018-09-08 07:30:00+00:00,2018-09-08 07:20:59+00:00,2018-09-08 09:30:00+00:00,2018-09-08 09:35:00+00:00,2018-09-08 09:36:00+00:00,-0.1502777777777778,2.0,2.250277777777778,21.42096774193548,0.1
Finlandia,FIHEL,EETLL,FIHEL → EETLL,2018-09-08 12:15:00+00:00,2018-09-08 12:15:00+00:00,2018-09-08 12:06:10+00:00,2018-09-08 14:30:00+00:00,2018-09-08 14:26:00+00:00,2018-09-08 14:34:00+00:00,-0.14722222222222223,2.25,2.463888888888889,19.162142857142857,0.06666666666666667
Megastar,FIHEL,EETLL,FIHEL → EETLL,2018-09-10 07:30:00+00:00,2018-09-10 07:30:00+00:00,2018-09-10 07:20:12+00:00,2018-09-10 09:30:00+00:00,2018-09-10 09:34:00+00:00,2018-09-10 09:43:00+00:00,-0.16333333333333333,2.0,2.38,21.085365853658537,0.21666666666666667
Star,FIHEL,EETLL,FIHEL → EETLL,2018-09-10 10:30:00+00:00,2018-09-10 10:30:00+00:00,2018-09-10 10:20:18+00:00,2018-09-10 12:30:00+00:00,2018-09-10 12:34:00+00:00,2018-09-10 12:39:00+00:00,-0.16166666666666665,2.0,2.3116666666666665,20.445454545454545,0.15
Star,FIHEL,EETLL,FIHEL → EETLL,2018-09-10 16:30:00+00:00,2018-09-10 16:30:00+00:00,2018-09-10 16:19:05+00:00,2018-09-10 18:30:00+00:00,2018-09-10 18:34:00+00:00,2018-09-10 18:37:00+00:00,-0.18194444444444444,2.0,2.298611111111111,20.17478991596639,0.11666666666666667
Finlandia,FIHEL,EETLL,FIHEL → EETLL,2018-09-10 18:40:00+00:00,2018-09-10 18:43:00+00:00,2018-09-10 18:44:07+00:00,2018-09-10 20:50:00+00:00,2018-09-10 21:04:00+00:00,2018-09-10 21:08:00+00:00,0.06861111111111111,2.1666666666666665,2.3980555555555556,21.65322580645161,0.3
Star,FIHEL,EETLL,FIHEL → EETLL,2018-09-11 04:30:00+00:00,2018-09-11 04:30:00+00:00,2018-09-11 04:19:14+00:00,2018-09-11 06:30:00+00:00,2018-09-11 06:34:00+00:00,2018-09-11 06:36:00+00:00,-0.17944444444444443,2.0,2.2794444444444446,20.2968,0.1
Star,FIHEL,EETLL,FIHEL → EETLL,2018-09-11 16:30:00+00:00,2018-09-11 16:30:00+00:00,2018-09-11 15:31:45+00:00,2018-09-11 18:30:00+00:00,2018-09-11 18:34:00+00:00,2018-09-11 18:42:00+00:00,-0.9708333333333333,2.0,3.1708333333333334,19.90472440944882,0.2
Finlandia,EETLL,FIHEL,EETLL → FIHEL,2018-09-12 03:00:00+00:00,2018-09-12 03:00:00+00:00,2018-09-12 02:55:12+00:00,2018-09-12 05:15:00+00:00,2018-09-12 05:13:00+00:00,2018-09-12 05:40:00+00:00,-0.08,2.25,2.7466666666666666,20.15378787878788,0.4166666666666667
Megastar,FIHEL,EETLL,FIHEL → EETLL,2018-09-12 13:30:00+00:00,2018-09-12 13:30:00+00:00,2018-09-12 13:26:15+00:00,2018-09-12 15:30:00+00:00,2018-09-12 15:41:00+00:00,2018-09-12 15:47:00+00:00,-0.0625,2.0,2.345833333333333,21.318487394957984,0.2833333333333333
Star,EETLL,FIHEL,EETLL → FIHEL,2018-10-01 13:30:00+00:00,2018-10-01 13:30:00+00:00,2018-10-01 13:19:10+00:00,2018-10-01 15:30:00+00:00,2018-10-01 15:31:00+00:00,2018-10-01 15:55:00+00:00,-0.18055555555555555,2.0,2.5972222222222223,19.77936507936508,0.4166666666666667
Finlandia,EETLL,FIHEL,EETLL → FIHEL,2018-10-02 15:30:00+00:00,2018-10-02 15:30:00+00:00,2018-10-02 15:30:12+00:00,2018-10-02 18:00:00+00:00,2018-10-02 17:48:00+00:00,2018-10-02 18:16:00+00:00,0.0033333333333333335,2.5,2.763333333333333,18.63611111111111,0.26666666666666666
Megastar,EETLL,FIHEL,EETLL → FIHEL,2018-10-03 04:30:00+00:00,2018-10-03 04:30:00+00:00,2018-10-03 04:18:09+00:00,2018-10-03 06:30:00+00:00,2018-10-03 06:31:00+00:00,2018-10-03 06:59:00+00:00,-0.1975,2.0,2.680833333333333,19.76141732283465,0.48333333333333334
Megastar,FIHEL,EETLL,FIHEL → EETLL,2018-10-03 07:30:00+00:00,2018-10-03 07:30:00+00:00,2018-10-03 07:19:55+00:00,2018-10-03 09:30:00+00:00,2018-10-03 09:34:00+00:00,2018-10-03 09:33:00+00:00,-0.16805555555555557,2.0,2.2180555555555554,20.57033898305085,0.05
Megastar,EETLL,FIHEL,EETLL → FIHEL,2018-10-03 10:30:00+00:00,2018-10-03 10:30:00+00:00,2018-10-03 10:18:39+00:00,2018-10-03 12:30:00+00:00,2018-10-03 12:30:00+00:00,2018-10-03 12:48:00+00:00,-0.18916666666666668,2.0,2.4891666666666667,18.333783783783783,0.3
Megastar,FIHEL,EETLL,FIHEL → EETLL,2018-10-03 13:30:00+00:00,2018-10-03 13:30:00+00:00,2018-10-03 13:20:09+00:00,2018-10-03 15:30:00+00:00,2018-10-03 15:34:00+00:00,2018-10-03 15:42:00+00:00,-0.16416666666666666,2.0,2.3641666666666667,20.595726495726492,0.2
Finlandia,EETLL,FIHEL,EETLL → FIHEL,2018-10-03 15:30:00+00:00,2018-10-03 15:30:00+00:00,2018-10-03 15:30:45+00:00,2018-10-03 18:00:00+00:00,2018-10-03 17:49:00+00:00,2018-10-03 18:25:00+00:00,0.0125,2.5,2.904166666666667,18.77446808510638,0.4166666666666667
Star,EETLL,FIHEL,EETLL → FIHEL,2018-10-03 19:30:00+00:00,2018-10-03 19:30:00+00:00,2018-10-03 19:30:15+00:00,2018-10-03 21:30:00+00:00,2018-10-03 21:42:00+00:00,2018-10-03 22:07:00+00:00,0.004166666666666667,2.0,2.6125,21.38974358974359,0.6166666666666667
Finlandia,FIHEL,EETLL,FIHEL → EETLL,2018-10-05 12:15:00+00:00,2018-10-05 12:15:00+00:00,2018-10-05 11:23:09+00:00,2018-10-05 14:30:00+00:00,2018-10-05 14:29:00+00:00,2018-10-05 14:37:00+00:00,-0.8641666666666666,2.25,3.2308333333333334,18.760431654676257,0.11666666666666667
Megastar,FIHEL,EETLL,FIHEL → EETLL,2018-10-05 13:30:00+00:00,2018-10-05 13:30:00+00:00,2018-10-05 13:21:51+00:00,2018-10-05 15:30:00+00:00,2018-10-05 15:36:00+00:00,2018-10-05 15:42:00+00:00,-0.13583333333333333,2.0,2.3358333333333334,21.539285714285715,0.2
Star,FIHEL,EETLL,FIHEL → EETLL,2018-10-05 16:30:00+00:00,2018-10-05 16:30:00+00:00,2018-10-05 16:22:19+00:00,2018-10-05 18:30:00+00:00,2018-10-05 18:34:00+00:00,2018-10-05 18:29:00+00:00,-0.12805555555555556,2.0,2.111388888888889,20.466666666666665,-0.016666666666666666
Finlandia,EETLL,FIHEL,EETLL → FIHEL,2018-10-06 09:00:00+00:00,2018-10-06 09:00:00+00:00,2018-10-06 08:57:46+00:00,2018-10-06 11:15:00+00:00,2018-10-06 11:16:00+00:00,2018-10-06 11:50:00+00:00,-0.03722222222222222,2.25,2.8705555555555557,19.68582089552239,0.5833333333333334
Megastar,FIHEL,EETLL,FIHEL → EETLL,2018-10-08 07:30:00+00:00,2018-10-08 07:30:00+00:00,2018-10-08 07:21:21+00:00,2018-10-08 09:30:00+00:00,2018-10-08 09:35:00+00:00,2018-10-08 09:36:00+00:00,-0.14416666666666667,2.0,2.2441666666666666,21.44561403508772,0.1
Megastar,FIHEL,EETLL,FIHEL → EETLL,2018-10-08 13:30:00+00:00,2018-10-08 13:30:00+00:00,2018-10-08 13:18:54+00:00,2018-10-08 15:30:00+00:00,2018-10-08 15:33:00+00:00,2018-10-08 15:34:00+00:00,-0.185,2.0,2.2516666666666665,21.392241379310345,0.06666666666666667
Megastar,FIHEL,EETLL,FIHEL → EETLL,2018-10-10 07:30:00+00:00,2018-10-10 07:30:00+00:00,2018-10-10 07:18:42+00:00,2018-10-10 09:30:00+00:00,2018-10-10 09:33:00+00:00,2018-10-10 09:36:00+00:00,-0.18833333333333332,2.0,2.2883333333333336,20.4696,0.1
Finlandia,FIHEL,EETLL,FIHEL → EETLL,2018-10-10 12:15:00+00:00,2018-10-10 12:15:00+00:00,2018-10-10 11:16:13+00:00,2018-10-10 14:30:00+00:00,2018-10-10 14:23:00+00:00,2018-10-10 14:32:00+00:00,-0.9797222222222223,2.25,3.2630555555555554,18.383458646616543,0.03333333333333333
Star,EETLL,FIHEL,EETLL → FIHEL,2018-10-10 19:30:00+00:00,2018-10-10 19:30:00+00:00,2018-10-10 19:23:09+00:00,2018-10-10 21:30:00+00:00,2018-10-10 21:35:00+00:00,2018-10-10 21:49:00+00:00,-0.11416666666666667,2.0,2.430833333333333,20.585245901639347,0.31666666666666665
Megastar,FIHEL,EETLL,FIHEL → EETLL,2018-10-11 07:30:00+00:00,2018-10-11 07:30:00+00:00,2018-10-11 07:20:17+00:00,2018-10-11 09:30:00+00:00,2018-10-11 09:33:00+00:00,2018-10-11 09:37:00+00:00,-0.16194444444444445,2.0,2.278611111111111,20.67419354838709,0.11666666666666667
Megastar,EETLL,FIHEL,EETLL → FIHEL,2018-10-11 16:30:00+00:00,2018-10-11 16:30:00+00:00,2018-10-11 16:18:55+00:00,2018-10-11 18:30:00+00:00,2018-10-11 18:31:00+00:00,2018-10-11 18:54:00+00:00,-0.18472222222222223,2.0,2.584722222222222,20.158461538461538,0.4
Star,EETLL,FIHEL,EETLL → FIHEL,2018-10-11 19:30:00+00:00,2018-10-11 19:30:00+00:00,2018-10-11 19:21:14+00:00,2018-10-11 21:30:00+00:00,2018-10-11 21:33:00+00:00,2018-10-11 21:53:00+00:00,-0.1461111111111111,2.0,2.5294444444444446,20.03809523809524,0.38333333333333336
Megastar,EETLL,FIHEL,EETLL → FIHEL,2018-11-01 05:30:00+00:00,2018-11-01 05:30:00+00:00,2018-11-01 05:20:05+00:00,2018-11-01 07:30:00+00:00,2018-11-01 07:33:00+00:00,2018-11-01 07:57:00+00:00,-0.16527777777777777,2.0,2.6152777777777776,20.016153846153845,0.45
Star,FIHEL,EETLL,FIHEL → EETLL,2018-11-01 11:30:00+00:00,2018-11-01 11:30:00+00:00,2018-11-01 11:20:17+00:00,2018-11-01 13:30:00+00:00,2018-11-01 13:32:00+00:00,2018-11-01 13:37:00+00:00,-0.16194444444444445,2.0,2.278611111111111,20.71746031746032,0.11666666666666667
Finlandia,FIHEL,EETLL,FIHEL → EETLL,2018-11-01 13:15:00+00:00,2018-11-01 13:16:00+00:00,2018-11-01 13:17:08+00:00,2018-11-01 15:30:00+00:00,2018-11-01 15:25:00+00:00,2018-11-01 15:31:00+00:00,0.035555555555555556,2.25,2.2311111111111113,20.286614173228347,0.016666666666666666
Megastar,EETLL,FIHEL,EETLL → FIHEL,2018-11-02 05:30:00+00:00,2018-11-02 05:30:00+00:00,2018-11-02 05:17:46+00:00,2018-11-02 07:30:00+00:00,2018-11-02 07:32:00+00:00,2018-11-02 07:55:00+00:00,-0.2038888888888889,2.0,2.6205555555555557,19.61846153846154,0.4166666666666667
Star,FIHEL,EETLL,FIHEL → EETLL,2018-11-02 05:30:00+00:00,2018-11-02 05:30:00+00:00,2018-11-02 05:20:12+00:00,2018-11-02 07:30:00+00:00,2018-11-02 07:32:00+00:00,2018-11-02 07:33:00+00:00,-0.16333333333333333,2.0,2.2133333333333334,20.287401574803148,0.05
Finlandia,EETLL,FIHEL,EETLL → FIHEL,2018-11-04 16:30:00+00:00,2018-11-04 16:33:00+00:00,2018-11-04 16:35:09+00:00,2018-11-04 19:00:00+00:00,2018-11-04 18:49:00+00:00,2018-11-04 19:15:00+00:00,0.08583333333333333,2.5,2.6641666666666666,19.5,0.25
Megastar,FIHEL,EETLL,FIHEL → EETLL,2018-11-06 14:30:00+00:00,2018-11-06 14:30:00+00:00,2018-11-06 14:18:53+00:00,2018-11-06 16:30:00+00:00,2018-11-06 16:26:00+00:00,2018-11-06 16:22:00+00:00,-0.1852777777777778,2.0,2.0519444444444446,21.008196721311474,-0.13333333333333333
Megastar,EETLL,FIHEL,EETLL → FIHEL,2018-11-07 05:30:00+00:00,2018-11-07 05:30:00+00:00,2018-11-07 05:18:27+00:00,2018-11-07 07:30:00+00:00,2018-11-07 07:30:00+00:00,2018-11-07 07:58:00+00:00,-0.1925,2.0,2.6591666666666667,20.07109375,0.4666666666666667
Star,FIHEL,EETLL,FIHEL → EETLL,2018-11-07 11:30:00+00:00,2018-11-07 11:30:00+00:00,2018-11-07 11:19:20+00:00,2018-11-07 13:30:00+00:00,2018-11-07 13:30:00+00:00,2018-11-07 13:36:00+00:00,-0.17777777777777778,2.0,2.2777777777777777,20.43359375,0.1
Megastar,FIHEL,EETLL,FIHEL → EETLL,2018-11-07 20:30:00+00:00,2018-11-07 20:30:00+00:00,2018-11-07 20:18:11+00:00,2018-11-07 22:30:00+00:00,2018-11-07 22:26:00+00:00,2018-11-07 22:35:00+00:00,-0.19694444444444445,2.0,2.2802777777777776,20.83223140495868,0.08333333333333333
Star,FIHEL,EETLL,FIHEL → EETLL,2018-11-08 05:30:00+00:00,2018-11-08 05:30:00+00:00,2018-11-08 05:18:11+00:00,2018-11-08 07:30:00+00:00,2018-11-08 07:29:00+00:00,2018-11-08 07:33:00+00:00,-0.19694444444444445,2.0,2.2469444444444444,20.05390625,0.05
Finlandia,FIHEL,EETLL,FIHEL → EETLL,2018-11-08 19:40:00+00:00,2018-11-08 19:41:00+00:00,2018-11-08 19:41:11+00:00,2018-11-08 21:50:00+00:00,2018-11-08 21:50:00+00:00,2018-11-08 21:51:00+00:00,0.01972222222222222,2.1666666666666665,2.163611111111111,21.347619047619048,0.016666666666666666
Finlandia,EETLL,FIHEL,EETLL → FIHEL,2018-11-10 04:00:00+00:00,2018-11-10 04:00:00+00:00,2018-11-10 03:52:00+00:00,2018-11-10 06:15:00+00:00,2018-11-10 06:06:00+00:00,2018-11-10 06:35:00+00:00,-0.13333333333333333,2.25,2.716666666666667,19.281159420289857,0.3333333333333333
Megastar,FIHEL,EETLL,FIHEL → EETLL,2018-11-10 20:30:00+00:00,2018-11-10 20:30:00+00:00,2018-11-10 20:19:59+00:00,2018-11-10 22:30:00+00:00,2018-11-10 22:28:00+00:00,2018-11-10 22:40:00+00:00,-0.16694444444444445,2.0,2.3336111111111113,19.881818181818183,0.16666666666666666
Star,EETLL,FIHEL,EETLL → FIHEL,2018-11-11 08:30:00+00:00,2018-11-11 08:30:00+00:00,2018-11-11 08:20:39+00:00,2018-11-11 10:30:00+00:00,2018-11-11 10:36:00+00:00,2018-11-11 11:02:00+00:00,-0.15583333333333332,2.0,2.6891666666666665,19.54108527131783,0.5333333333333333
Finlandia,EETLL,FIHEL,EETLL → FIHEL,2018-11-12 04:00:00+00:00,2018-11-12 04:00:00+00:00,2018-11-12 03:55:09+00:00,2018-11-12 06:15:00+00:00,2018-11-12 06:10:00+00:00,2018-11-12 06:44:00+00:00,-0.08083333333333333,2.25,2.8141666666666665,19.953676470588235,0.48333333333333334
Star,FIHEL,EETLL,FIHEL → EETLL,2018-11-12 11:30:00+00:00,2018-11-12 11:30:00+00:00,2018-11-12 11:19:58+00:00,2018-11-12 13:30:00+00:00,2018-11-12 13:31:00+00:00,2018-11-12 13:30:00+00:00,-0.16722222222222222,2.0,2.167222222222222,20.5515873015873,0.0
Megastar,FIHEL,EETLL,FIHEL → EETLL,2018-11-12 20:30:00+00:00,2018-11-12 20:30:00+00:00,2018-11-12 20:19:55+00:00,2018-11-12 22:30:00+00:00,2018-11-12 22:27:00+00:00,2018-11-12 22:33:00+00:00,-0.16805555555555557,2.0,2.2180555555555554,20.16991150442478,0.05
Finlandia,EETLL,FIHEL,EETLL → FIHEL,2018-12-01 04:00:00+00:00,2018-12-01 04:00:00+00:00,2018-11-30 23:31:28+00:00,2018-12-01 06:15:00+00:00,2018-12-01 06:05:00+00:00,2018-12-01 06:23:00+00:00,-4.475555555555555,2.25,6.858888888888889,19.46029411764706,0.13333333333333333
Finlandia,FIHEL,EETLL,FIHEL → EETLL,2018-12-02 07:00:00+00:00,2018-12-02 07:00:00+00:00,2018-12-02 06:49:07+00:00,2018-12-02 09:15:00+00:00,2018-12-02 08:57:00+00:00,2018-12-02 09:03:00+00:00,-0.18138888888888888,2.25,2.231388888888889,19.58970588235294,-0.2
Finlandia,FIHEL,EETLL,FIHEL → EETLL,2018-12-02 13:15:00+00:00,2018-12-02 13:15:00+00:00,2018-12-02 13:09:02+00:00,2018-12-02 15:30:00+00:00,2018-12-02 15:17:00+00:00,2018-12-02 15:14:00+00:00,-0.09944444444444445,2.25,2.082777777777778,19.416666666666668,-0.26666666666666666
Megastar,FIHEL,EETLL,FIHEL → EETLL,2018-12-02 14:30:00+00:00,2018-12-02 14:30:00+00:00,2018-12-02 14:18:21+00:00,2018-12-02 16:30:00+00:00,2018-12-02 16:26:00+00:00,2018-12-02 16:29:00+00:00,-0.19416666666666665,2.0,2.1775,20.404615384615383,-0.016666666666666666
Megastar,EETLL,FIHEL,EETLL → FIHEL,2018-12-02 17:30:00+00:00,2018-12-02 17:30:00+00:00,2018-12-02 17:17:12+00:00,2018-12-02 18:30:00+00:00,2018-12-02 19:27:00+00:00,2018-12-02 19:34:00+00:00,-0.21333333333333335,1.0,2.28,20.66,1.0666666666666667
Finlandia,FIHEL,EETLL,FIHEL → EETLL,2018-12-03 13:15:00+00:00,2018-12-03 13:16:00+00:00,2018-12-03 13:16:58+00:00,2018-12-03 15:30:00+00:00,2018-12-03 15:24:00+00:00,2018-12-03 15:24:00+00:00,0.03277777777777778,2.25,2.1172222222222223,21.223387096774196,-0.1
Megastar,FIHEL,EETLL,FIHEL → EETLL,2018-12-04 14:30:00+00:00,2018-12-04 14:30:00+00:00,2018-12-04 14:17:18+00:00,2018-12-04 16:30:00+00:00,2018-12-04 16:25:00+00:00,2018-12-04 16:29:00+00:00,-0.21166666666666667,2.0,2.195,20.23307692307693,-0.016666666666666666
Star,FIHEL,EETLL,FIHEL → EETLL,2018-12-05 05:30:00+00:00,2018-12-05 05:30:00+00:00,2018-12-05 05:19:06+00:00,2018-12-05 07:30:00+00:00,2018-12-05 07:30:00+00:00,2018-12-05 07:31:00+00:00,-0.18166666666666667,2.0,2.1983333333333333,20.428125,0.016666666666666666
Megastar,EETLL,FIHEL,EETLL → FIHEL,2018-12-05 17:30:00+00:00,2018-12-05 17:30:00+00:00,2018-12-05 17:17:12+00:00,2018-12-05 18:30:00+00:00,2018-12-05 19:27:00+00:00,2018-12-05 19:30:00+00:00,-0.21333333333333335,1.0,2.2133333333333334,18.58135593220339,1.0
Star,EETLL,FIHEL,EETLL → FIHEL,2018-12-07 14:30:00+00:00,2018-12-07 14:30:00+00:00,2018-12-07 14:20:09+00:00,2018-12-07 16:30:00+00:00,2018-12-07 16:35:00+00:00,2018-12-07 16:58:00+00:00,-0.16416666666666666,2.0,2.6308333333333334,20.0234375,0.4666666666666667
Megastar,FIHEL,EETLL,FIHEL → EETLL,2018-12-07 14:30:00+00:00,2018-12-07 14:30:00+00:00,2018-12-07 14:19:13+00:00,2018-12-07 16:30:00+00:00,2018-12-07 16:27:00+00:00,2018-12-07 16:27:00+00:00,-0.17972222222222223,2.0,2.129722222222222,21.052419354838708,-0.05
Finlandia,EETLL,FIHEL,EETLL → FIHEL,2018-12-08 04:00:00+00:00,2018-12-08 04:00:00+00:00,2018-12-08 03:52:05+00:00,2018-12-08 06:15:00+00:00,2018-12-08 06:07:00+00:00,2018-12-08 06:37:00+00:00,-0.13194444444444445,2.25,2.748611111111111,19.194285714285712,0.36666666666666664
Finlandia,EETLL,FIHEL,EETLL → FIHEL,2018-12-08 16:30:00+00:00,2018-12-08 16:30:00+00:00,2018-12-08 16:22:08+00:00,2018-12-08 19:00:00+00:00,2018-12-08 18:37:00+00:00,2018-12-08 19:17:00+00:00,-0.13111111111111112,2.5,2.9144444444444444,16.869182389937105,0.2833333333333333
Finlandia,EETLL,FIHEL,EETLL → FIHEL,2018-12-10 04:00:00+00:00,2018-12-10 04:00:00+00:00,2018-12-10 03:53:06+00:00,2018-12-10 06:15:00+00:00,2018-12-10 06:07:00+00:00,2018-12-10 06:34:00+00:00,-0.115,2.25,2.6816666666666666,19.1863309352518,0.31666666666666665
Star,EETLL,FIHEL,EETLL → FIHEL,2018-12-10 08:30:00+00:00,2018-12-10 08:30:00+00:00,2018-12-10 08:23:04+00:00,2018-12-10 10:30:00+00:00,2018-12-10 10:38:00+00:00,2018-12-10 11:09:00+00:00,-0.11555555555555555,2.0,2.7655555555555558,20.573387096774194,0.65
Finlandia,EETLL,FIHEL,EETLL → FIHEL,2018-12-11 04:00:00+00:00,2018-12-11 04:00:00+00:00,2018-12-11 03:53:04+00:00,2018-12-11 06:15:00+00:00,2018-12-11 06:07:00+00:00,2018-12-11 06:30:00+00:00,-0.11555555555555555,2.25,2.6155555555555554,19.059574468085103,0.25
Megastar,EETLL,FIHEL,EETLL → FIHEL,2018-12-11 11:30:00+00:00,2018-12-11 11:30:00+00:00,2018-12-11 11:19:14+00:00,2018-12-11 13:30:00+00:00,2018-12-11 13:32:00+00:00,2018-12-11 13:58:00+00:00,-0.17944444444444443,2.0,2.6461111111111113,20.141984732824422,0.4666666666666667
Finlandia,EETLL,FIHEL,EETLL → FIHEL,2018-12-11 16:30:00+00:00,2018-12-11 16:30:00+00:00,2018-12-11 16:27:12+00:00,2018-12-11 19:00:00+00:00,2018-12-11 18:42:00+00:00,2018-12-11 19:22:00+00:00,-0.04666666666666667,2.5,2.9133333333333336,17.762,0.36666666666666664
Star,FIHEL,EETLL,FIHEL → EETLL,2018-12-11 17:30:00+00:00,2018-12-11 17:30:00+00:00,2018-12-11 17:19:12+00:00,2018-12-11 19:30:00+00:00,2018-12-11 19:31:00+00:00,2018-12-11 19:39:00+00:00,-0.18,2.0,2.33,20.55390625,0.15
Finlandia,EETLL,FIHEL,EETLL → FIHEL,2018-12-12 16:30:00+00:00,2018-12-12 16:40:00+00:00,2018-12-12 16:40:06+00:00,2018-12-12 19:00:00+00:00,2018-12-12 18:55:00+00:00,2018-12-12 19:38:00+00:00,0.16833333333333333,2.5,2.965,19.59926470588235,0.6333333333333333
Megastar,EETLL,FIHEL,EETLL → FIHEL,2019-01-04 17:30:00+00:00,2019-01-04 17:30:00+00:00,2019-01-04 17:17:13+00:00,2019-01-04 19:30:00+00:00,2019-01-04 19:31:00+00:00,2019-01-04 20:00:00+00:00,-0.21305555555555555,2.0,2.7130555555555556,19.481954887218045,0.5
Europa,EETLL,FIHEL,EETLL → FIHEL,2019-01-05 10:30:00+00:00,2019-01-05 10:38:00+00:00,2019-01-05 10:38:12+00:00,2019-01-05 14:00:00+00:00,2019-01-05 13:57:00+00:00,2019-01-05 14:28:00+00:00,0.13666666666666666,3.5,3.83,13.720618556701032,0.4666666666666667
Europa,FIHEL,EETLL,FIHEL → EETLL,2019-01-05 16:30:00+00:00,2019-01-05 16:30:00+00:00,2019-01-05 16:30:13+00:00,2019-01-05 20:00:00+00:00,2019-01-05 19:39:00+00:00,2019-01-05 19:45:00+00:00,0.003611111111111111,3.5,3.2463888888888888,13.783838383838384,-0.25
Star,EETLL,FIHEL,EETLL → FIHEL,2019-01-07 14:30:00+00:00,2019-01-07 14:30:00+00:00,2019-01-07 14:26:11+00:00,2019-01-07 16:30:00+00:00,2019-01-07 16:42:00+00:00,2019-01-07 17:09:00+00:00,-0.0636111111111111,2.0,2.713611111111111,22.185344827586206,0.65
Megastar,EETLL,FIHEL,EETLL → FIHEL,2019-01-07 17:30:00+00:00,2019-01-07 17:30:00+00:00,2019-01-07 16:32:38+00:00,2019-01-07 19:30:00+00:00,2019-01-07 18:39:00+00:00,2019-01-07 19:06:00+00:00,-0.9561111111111111,2.0,2.556111111111111,20.45,-0.4
Megastar,FIHEL,EETLL,FIHEL → EETLL,2019-01-09 08:30:00+00:00,2019-01-09 08:30:00+00:00,2019-01-09 08:23:12+00:00,2019-01-09 10:30:00+00:00,2019-01-09 10:31:00+00:00,2019-01-09 10:37:00+00:00,-0.11333333333333333,2.0,2.23,22.394915254237286,0.11666666666666667
Megastar,FIHEL,EETLL,FIHEL → EETLL,2019-01-10 20:30:00+00:00,2019-01-10 20:37:00+00:00,2019-01-10 20:38:10+00:00,2019-01-10 22:30:00+00:00,2019-01-10 22:46:00+00:00,2019-01-10 22:48:00+00:00,0.1361111111111111,2.0,2.1638888888888888,23.018103448275863,0.3
Megastar,FIHEL,EETLL,FIHEL → EETLL,2019-01-12 14:30:00+00:00,2019-01-12 14:30:00+00:00,2019-01-12 14:23:08+00:00,2019-01-12 16:30:00+00:00,2019-01-12 16:30:00+00:00,2019-01-12 16:28:00+00:00,-0.11444444444444445,2.0,2.081111111111111,21.646341463414632,-0.03333333333333333
Finlandia,FIHEL,EETLL,FIHEL → EETLL,2019-02-01 07:00:00+00:00,2019-02-01 07:08:00+00:00,2019-02-01 07:09:14+00:00,2019-02-01 09:15:00+00:00,2019-02-01 09:17:00+00:00,2019-02-01 09:20:00+00:00,0.15388888888888888,2.25,2.1794444444444445,21.80975609756097,0.08333333333333333
Finlandia,EETLL,FIHEL,EETLL → FIHEL,2019-02-01 10:00:00+00:00,2019-02-01 10:02:00+00:00,2019-02-01 10:02:03+00:00,2019-02-01 12:15:00+00:00,2019-02-01 12:16:00+00:00,2019-02-01 12:47:00+00:00,0.034166666666666665,2.25,2.7491666666666665,19.20863309352518,0.5333333333333333
Megastar,EETLL,FIHEL,EETLL → FIHEL,2019-02-01 11:30:00+00:00,2019-02-01 11:30:00+00:00,2019-02-01 11:19:14+00:00,2019-02-01 13:30:00+00:00,2019-02-01 13:32:00+00:00,2019-02-01 13:59:00+00:00,-0.17944444444444443,2.0,2.662777777777778,19.86766917293233,0.48333333333333334
Finlandia,FIHEL,EETLL,FIHEL → EETLL,2019-02-01 13:15:00+00:00,2019-02-01 13:19:00+00:00,2019-02-01 13:20:07+00:00,2019-02-01 15:30:00+00:00,2019-02-01 15:28:00+00:00,2019-02-01 15:35:00+00:00,0.08527777777777777,2.25,2.2480555555555557,21.155555555555555,0.08333333333333333
Finlandia,FIHEL,EETLL,FIHEL → EETLL,2019-02-02 07:00:00+00:00,2019-02-02 07:00:00+00:00,2019-02-02 06:58:10+00:00,2019-02-02 09:15:00+00:00,2019-02-02 09:05:00+00:00,2019-02-02 09:12:00+00:00,-0.030555555555555555,2.25,2.2305555555555556,20.814728682170543,-0.05
Megastar,FIHEL,EETLL,FIHEL → EETLL,2019-02-02 14:30:00+00:00,2019-02-02 14:30:00+00:00,2019-02-02 14:18:18+00:00,2019-02-02 16:30:00+00:00,2019-02-02 16:25:00+00:00,2019-02-02 16:31:00+00:00,-0.195,2.0,2.2116666666666664,20.39692307692308,0.016666666666666666
Finlandia,EETLL,FIHEL,EETLL → FIHEL,2019-02-03 10:00:00+00:00,2019-02-03 10:00:00+00:00,2019-02-03 09:54:10+00:00,2019-02-03 12:15:00+00:00,2019-02-03 12:09:00+00:00,2019-02-03 12:36:00+00:00,-0.09722222222222222,2.25,2.6972222222222224,18.934285714285718,0.35
Megastar,EETLL,FIHEL,EETLL → FIHEL,2019-02-04 11:30:00+00:00,2019-02-04 11:30:00+00:00,2019-02-04 11:17:12+00:00,2019-02-04 13:30:00+00:00,2019-02-04 13:31:00+00:00,2019-02-04 14:04:00+00:00,-0.21333333333333335,2.0,2.78,19.40073529411765,0.5666666666666667
Megastar,EETLL,FIHEL,EETLL → FIHEL,2019-02-05 05:30:00+00:00,2019-02-05 05:30:00+00:00,2019-02-05 05:24:10+00:00,2019-02-05 07:30:00+00:00,2019-02-05 07:38:00+00:00,2019-02-05 08:03:00+00:00,-0.09722222222222222,2.0,2.647222222222222,19.82330827067669,0.55
Finlandia,FIHEL,EETLL,FIHEL → EETLL,2019-02-05 07:00:00+00:00,2019-02-05 07:11:00+00:00,2019-02-05 07:06:11+00:00,2019-02-05 09:15:00+00:00,2019-02-05 09:14:00+00:00,2019-02-05 09:13:00+00:00,0.10305555555555555,2.25,2.113611111111111,21.4832,-0.03333333333333333
Megastar,FIHEL,EETLL,FIHEL → EETLL,2019-02-05 08:30:00+00:00,2019-02-05 08:30:00+00:00,2019-02-05 08:18:13+00:00,2019-02-05 10:30:00+00:00,2019-02-05 10:26:00+00:00,2019-02-05 10:34:00+00:00,-0.1963888888888889,2.0,2.2630555555555554,20.366666666666667,0.06666666666666667
Finlandia,EETLL,FIHEL,EETLL → FIHEL,2019-02-07 04:00:00+00:00,2019-02-07 04:00:00+00:00,2019-02-07 03:51:11+00:00,2019-02-07 06:15:00+00:00,2019-02-07 06:06:00+00:00,2019-02-07 06:28:00+00:00,-0.14694444444444443,2.25,2.613611111111111,19.06879432624113,0.21666666666666667
Star,FIHEL,EETLL,FIHEL → EETLL,2019-02-07 05:30:00+00:00,2019-02-07 05:30:00+00:00,2019-02-07 05:20:15+00:00,2019-02-07 07:30:00+00:00,2019-02-07 07:32:00+00:00,2019-02-07 07:36:00+00:00,-0.1625,2.0,2.2625,21.4024,0.1
Finlandia,EETLL,FIHEL,EETLL → FIHEL,2019-02-07 16:30:00+00:00,2019-02-07 16:30:00+00:00,2019-02-07 16:27:12+00:00,2019-02-07 19:00:00+00:00,2019-02-07 18:40:00+00:00,2019-02-07 19:12:00+00:00,-0.04666666666666667,2.5,2.7466666666666666,18.04594594594595,0.2
Finlandia,EETLL,FIHEL,EETLL → FIHEL,2019-02-08 04:00:00+00:00,2019-02-08 04:00:00+00:00,2019-02-08 03:51:10+00:00,2019-02-08 06:15:00+00:00,2019-02-08 06:06:00+00:00,2019-02-08 06:36:00+00:00,-0.14722222222222223,2.25,2.7472222222222222,20.374809160305343,0.35
Megastar,FIHEL,EETLL,FIHEL → EETLL,2019-02-08 08:30:00+00:00,2019-02-08 08:30:00+00:00,2019-02-08 08:18:13+00:00,2019-02-08 10:30:00+00:00,2019-02-08 10:26:00+00:00,2019-02-08 10:29:00+00:00,-0.1963888888888889,2.0,2.1797222222222223,20.53125,-0.016666666666666666
Europa,EETLL,FIHEL,EETLL → FIHEL,2019-02-08 10:30:00+00:00,2019-02-08 10:36:00+00:00,2019-02-08 10:36:11+00:00,2019-02-08 14:00:00+00:00,2019-02-08 13:56:00+00:00,2019-02-08 14:23:00+00:00,0.10305555555555555,3.5,3.7802777777777776,13.35837837837838,0.38333333333333336
Europa,FIHEL,EETLL,FIHEL → EETLL,2019-02-08 16:30:00+00:00,2019-02-08 16:31:00+00:00,2019-02-08 16:31:15+00:00,2019-02-08 20:00:00+00:00,2019-02-08 19:40:00+00:00,2019-02-08 19:54:00+00:00,0.020833333333333332,3.5,3.379166666666667,13.6105,-0.1
Megastar,EETLL,FIHEL,EETLL → FIHEL,2019-02-08 17:30:00+00:00,2019-02-08 17:30:00+00:00,2019-02-08 17:18:08+00:00,2019-02-08 19:30:00+00:00,2019-02-08 19:31:00+00:00,2019-02-08 19:54:00+00:00,-0.19777777777777777,2.0,2.597777777777778,20.277099236641224,0.4
Star,FIHEL,EETLL,FIHEL → EETLL,2019-02-09 11:30:00+00:00,2019-02-09 11:30:00+00:00,2019-02-09 11:19:17+00:00,2019-02-09 13:30:00+00:00,2019-02-09 13:31:00+00:00,2019-02-09 13:29:00+00:00,-0.1786111111111111,2.0,2.1619444444444444,21.26428571428572,-0.016666666666666666
Finlandia,EETLL,FIHEL,EETLL → FIHEL,2019-02-10 16:30:00+00:00,2019-02-10 16:30:00+00:00,2019-02-10 16:29:14+00:00,2019-02-10 19:00:00+00:00,2019-02-10 18:44:00+00:00,2019-02-10 19:08:00+00:00,-0.012777777777777779,2.5,2.6461111111111113,18.336986301369866,0.13333333333333333
Finlandia,EETLL,FIHEL,EETLL → FIHEL,2019-02-11 04:00:00+00:00,2019-02-11 04:00:00+00:00,2019-02-11 03:56:09+00:00,2019-02-11 06:15:00+00:00,2019-02-11 06:10:00+00:00,2019-02-11 06:47:00+00:00,-0.06416666666666666,2.25,2.8475,20.323664122137405,0.5333333333333333
Megastar,FIHEL,EETLL,FIHEL → EETLL,2019-02-11 08:30:00+00:00,2019-02-11 08:30:00+00:00,2019-02-11 08:18:06+00:00,2019-02-11 10:30:00+00:00,2019-02-11 10:26:00+00:00,2019-02-11 10:27:00+00:00,-0.19833333333333333,2.0,2.1483333333333334,20.24580152671756,-0.05
Finlandia,FIHEL,EETLL,FIHEL → EETLL,2019-02-11 19:40:00+00:00,2019-02-11 19:46:00+00:00,2019-02-11 19:47:10+00:00,2019-02-11 21:50:00+00:00,2019-02-11 21:55:00+00:00,2019-02-11 21:55:00+00:00,0.11944444444444445,2.1666666666666665,2.1305555555555555,21.80666666666667,0.08333333333333333
Star,FIHEL,EETLL,FIHEL → EETLL,2019-03-01 05:30:00+00:00,2019-03-01 05:30:00+00:00,2019-03-01 05:21:10+00:00,2019-03-01 07:30:00+00:00,2019-03-01 07:33:00+00:00,2019-03-01 07:37:00+00:00,-0.14722222222222223,2.0,2.263888888888889,20.834375,0.11666666666666667
Finlandia,FIHEL,EETLL,FIHEL → EETLL,2019-03-01 07:00:00+00:00,2019-03-01 07:00:00+00:00,2019-03-01 06:55:19+00:00,2019-03-01 09:15:00+00:00,2019-03-01 09:04:00+00:00,2019-03-01 09:12:00+00:00,-0.07805555555555556,2.25,2.2780555555555555,20.612121212121213,-0.05
Megastar,FIHEL,EETLL,FIHEL → EETLL,2019-03-01 08:30:00+00:00,2019-03-01 08:30:00+00:00,2019-03-01 08:18:09+00:00,2019-03-01 10:30:00+00:00,2019-03-01 10:26:00+00:00,2019-03-01 10:19:00+00:00,-0.1975,2.0,2.0141666666666667,20.46875,-0.18333333333333332
Star,EETLL,FIHEL,EETLL → FIHEL,2019-03-01 08:30:00+00:00,2019-03-01 08:30:00+00:00,2019-03-01 08:25:19+00:00,2019-03-01 10:30:00+00:00,2019-03-01 10:41:00+00:00,2019-03-01 11:10:00+00:00,-0.07805555555555556,2.0,2.7447222222222223,21.29837398373984,0.6666666666666666
Finlandia,EETLL,FIHEL,EETLL → FIHEL,2019-03-01 10:00:00+00:00,2019-03-01 10:00:00+00:00,2019-03-01 09:55:12+00:00,2019-03-01 12:15:00+00:00,2019-03-01 12:10:00+00:00,2019-03-01 12:33:00+00:00,-0.08,2.25,2.63,20.586046511627902,0.3
Finlandia,EETLL,FIHEL,EETLL → FIHEL,2019-03-01 16:30:00+00:00,2019-03-01 16:30:00+00:00,2019-03-01 16:29:54+00:00,2019-03-01 19:00:00+00:00,2019-03-01 18:43:00+00:00,2019-03-01 19:17:00+00:00,-0.0016666666666666668,2.5,2.785,18.57972027972028,0.2833333333333333
Megastar,EETLL,FIHEL,EETLL → FIHEL,2019-03-01 17:30:00+00:00,2019-03-01 17:30:00+00:00,2019-03-01 17:17:22+00:00,2019-03-01 19:30:00+00:00,2019-03-01 19:31:00+00:00,2019-03-01 19:58:00+00:00,-0.21055555555555555,2.0,2.6772222222222224,19.71268656716418,0.4666666666666667
Star,FIHEL,EETLL,FIHEL → EETLL,2019-03-01 17:30:00+00:00,2019-03-01 17:30:00+00:00,2019-03-01 17:19:08+00:00,2019-03-01 19:30:00+00:00,2019-03-01 19:30:00+00:00,2019-03-01 19:31:00+00:00,-0.1811111111111111,2.0,2.1977777777777776,20.93070866141732,0.016666666666666666
Megastar,EETLL,FIHEL,EETLL → FIHEL,2019-03-03 05:30:00+00:00,2019-03-03 05:30:00+00:00,2019-03-03 05:19:14+00:00,2019-03-03 07:30:00+00:00,2019-03-03 07:32:00+00:00,2019-03-03 08:02:00+00:00,-0.17944444444444443,2.0,2.7127777777777777,19.805263157894736,0.5333333333333333
Star,EETLL,FIHEL,EETLL → FIHEL,2019-03-03 08:30:00+00:00,2019-03-03 08:30:00+00:00,2019-03-03 08:18:12+00:00,2019-03-03 10:30:00+00:00,2019-03-03 10:34:00+00:00,2019-03-03 11:01:00+00:00,-0.19666666666666666,2.0,2.7133333333333334,19.926315789473684,0.5166666666666667
Megastar,FIHEL,EETLL,FIHEL → EETLL,2019-03-03 08:30:00+00:00,2019-03-03 08:30:00+00:00,2019-03-03 08:18:12+00:00,2019-03-03 10:30:00+00:00,2019-03-03 10:26:00+00:00,2019-03-03 10:27:00+00:00,-0.19666666666666666,2.0,2.1466666666666665,20.420769230769228,-0.05
Finlandia,EETLL,FIHEL,EETLL → FIHEL,2019-03-03 16:30:00+00:00,2019-03-03 16:30:00+00:00,2019-03-03 16:28:08+00:00,2019-03-03 19:00:00+00:00,2019-03-03 18:43:00+00:00,2019-03-03 19:22:00+00:00,-0.03111111111111111,2.5,2.897777777777778,18.35586206896552,0.36666666666666664
Finlandia,EETLL,FIHEL,EETLL → FIHEL,2019-03-04 04:00:00+00:00,2019-03-04 04:00:00+00:00,2019-03-04 03:55:00+00:00,2019-03-04 06:15:00+00:00,2019-03-04 06:09:00+00:00,2019-03-04 06:40:00+00:00,-0.08333333333333333,2.25,2.75,19.9,0.4166666666666667
Megastar,EETLL,FIHEL,EETLL → FIHEL,2019-03-04 05:30:00+00:00,2019-03-04 05:30:00+00:00,2019-03-04 05:18:07+00:00,2019-03-04 07:30:00+00:00,2019-03-04 07:31:00+00:00,2019-03-04 07:57:00+00:00,-0.19805555555555557,2.0,2.6480555555555556,19.82556390977444,0.45
Star,EETLL,FIHEL,EETLL → FIHEL,2019-03-04 08:30:00+00:00,2019-03-04 08:30:00+00:00,2019-03-04 08:21:14+00:00,2019-03-04 10:30:00+00:00,2019-03-04 10:36:00+00:00,2019-03-04 11:05:00+00:00,-0.1461111111111111,2.0,2.7294444444444443,20.63228346456693,0.5833333333333334
Star,EETLL,FIHEL,EETLL → FIHEL,2019-03-04 14:30:00+00:00,2019-03-04 14:30:00+00:00,2019-03-04 14:18:13+00:00,2019-03-04 16:30:00+00:00,2019-03-04 16:34:00+00:00,2019-03-04 17:06:00+00:00,-0.1963888888888889,2.0,2.796388888888889,20.471875,0.6
Megastar,FIHEL,EETLL,FIHEL → EETLL,2019-03-06 20:30:00+00:00,2019-03-06 20:30:00+00:00,2019-03-06 20:17:00+00:00,2019-03-06 22:30:00+00:00,2019-03-06 22:24:00+00:00,2019-03-06 22:34:00+00:00,-0.21666666666666667,2.0,2.283333333333333,20.888188976377958,0.06666666666666667
Star,FIHEL,EETLL,FIHEL → EETLL,2019-03-07 05:30:00+00:00,2019-03-07 05:30:00+00:00,2019-03-07 05:19:06+00:00,2019-03-07 07:30:00+00:00,2019-03-07 07:31:00+00:00,2019-03-07 07:35:00+00:00,-0.18166666666666667,2.0,2.265,20.8625,0.08333333333333333
Finlandia,FIHEL,EETLL,FIHEL → EETLL,2019-03-07 19:40:00+00:00,2019-03-07 19:54:00+00:00,2019-03-07 19:54:13+00:00,2019-03-07 21:50:00+00:00,2019-03-07 22:02:00+00:00,2019-03-07 22:12:00+00:00,0.23694444444444446,2.1666666666666665,2.296388888888889,22.36916666666667,0.36666666666666664
Star,FIHEL,EETLL,FIHEL → EETLL,2019-03-08 05:30:00+00:00,2019-03-08 05:30:00+00:00,2019-03-08 05:19:13+00:00,2019-03-08 07:30:00+00:00,2019-03-08 07:31:00+00:00,2019-03-08 07:37:00+00:00,-0.17972222222222223,2.0,2.296388888888889,21.19126984126984,0.11666666666666667
Europa,EETLL,FIHEL,EETLL → FIHEL,2019-03-08 10:30:00+00:00,2019-03-08 10:34:00+00:00,2019-03-08 10:35:10+00:00,2019-03-08 14:00:00+00:00,2019-03-08 13:53:00+00:00,2019-03-08 14:22:00+00:00,0.08611111111111111,3.5,3.7805555555555554,13.451515151515151,0.36666666666666664
Megastar,EETLL,FIHEL,EETLL → FIHEL,2019-03-08 11:30:00+00:00,2019-03-08 11:30:00+00:00,2019-03-08 11:18:15+00:00,2019-03-08 13:30:00+00:00,2019-03-08 13:31:00+00:00,2019-03-08 13:56:00+00:00,-0.19583333333333333,2.0,2.629166666666667,19.70820895522388,0.43333333333333335
Megastar,EETLL,FIHEL,EETLL → FIHEL,2019-03-08 17:30:00+00:00,2019-03-08 17:30:00+00:00,2019-03-08 17:18:09+00:00,2019-03-08 19:30:00+00:00,2019-03-08 19:31:00+00:00,2019-03-08 19:57:00+00:00,-0.1975,2.0,2.6475,20.32923076923077,0.45
Megastar,FIHEL,EETLL,FIHEL → EETLL,2019-03-10 14:30:00+00:00,2019-03-10 14:30:00+00:00,2019-03-10 14:18:01+00:00,2019-03-10 16:30:00+00:00,2019-03-10 16:25:00+00:00,2019-03-10 16:28:00+00:00,-0.19972222222222222,2.0,2.1663888888888887,20.9496062992126,-0.03333333333333333
Megastar,EETLL,FIHEL,EETLL → FIHEL,2019-03-11 05:30:00+00:00,2019-03-11 05:30:00+00:00,2019-03-11 05:18:05+00:00,2019-03-11 07:30:00+00:00,2019-03-11 07:31:00+00:00,2019-03-11 08:03:00+00:00,-0.1986111111111111,2.0,2.748611111111111,19.53925925925926,0.55
Finlandia,EETLL,FIHEL,EETLL → FIHEL,2019-03-11 16:30:00+00:00,2019-03-11 16:34:00+00:00,2019-03-11 16:34:14+00:00,2019-03-11 19:00:00+00:00,2019-03-11 18:49:00+00:00,2019-03-11 19:32:00+00:00,0.07055555555555555,2.5,2.9627777777777777,18.948936170212768,0.5333333333333333
Star,FIHEL,EETLL,FIHEL → EETLL,2019-03-12 05:30:00+00:00,2019-03-12 05:30:00+00:00,2019-03-12 05:19:12+00:00,2019-03-12 07:30:00+00:00,2019-03-12 07:30:00+00:00,2019-03-12 07:31:00+00:00,-0.18,2.0,2.1966666666666668,20.79453125,0.016666666666666666
